{"cameraMode":{"drawMode":0,"name":"Shaded","section":"Shading Mode"},"sceneLighting":true,"audioPlay":false,"sceneViewState":{"m_AlwaysRefresh":false,"showFog":true,"showSkybox":true,"showFlares":true,"showImageEffects":true,"showParticleSystems":true,"showVisualEffectGraphs":true,"m_FxEnabled":true},"in2DMode":false,"pivot":{"x":-1.8764324188232422,"y":4.410120487213135,"z":1.6640759706497193},"rotation":{"x":-0.18281979858875276,"y":0.6929242014884949,"z":-0.18864767253398896,"w":-0.6714939475059509},"size":16.569780349731447,"orthographic":false}