{"cameraMode":{"drawMode":0,"name":"Shaded","section":"Shading Mode"},"sceneLighting":false,"audioPlay":false,"sceneViewState":{"m_AlwaysRefresh":false,"showFog":true,"showSkybox":false,"showFlares":true,"showImageEffects":true,"showParticleSystems":true,"showVisualEffectGraphs":true,"m_FxEnabled":true},"in2DMode":false,"pivot":{"x":-0.5829675197601318,"y":0.9395484924316406,"z":-3.4718337059020998},"rotation":{"x":-0.13930651545524598,"y":0.7074863910675049,"z":-0.14548346400260926,"w":-0.6774275898933411},"size":2.2808098793029787,"orthographic":false}