{"cameraMode":{"drawMode":0,"name":"Shaded","section":"Shading Mode"},"sceneLighting":false,"audioPlay":false,"sceneViewState":{"m_AlwaysRefresh":false,"showFog":true,"showSkybox":false,"showFlares":true,"showImageEffects":true,"showParticleSystems":true,"showVisualEffectGraphs":true,"m_FxEnabled":true},"in2DMode":false,"pivot":{"x":239.4618377685547,"y":315.58282470703127,"z":55.995079040527347},"rotation":{"x":0.003189078299328685,"y":0.013101263903081417,"z":0.00004844337672693655,"w":-0.9999396800994873},"size":102.39350128173828,"orthographic":false}